"TERM"," DEFINITION",
"Airport Code","A three character alpha-numeric code issued by the U.S. Department of Transportation which is the official designation of the airport.",
"City Code","A three character alpha-numeric code issued by the U.S. Department of Transportation to designate the city where the origin or destination airport is located.",
"OAG","Official Airline Guide",
"World Area Code (WAC)","Numeric codes used to identify geopolitical areas such as countries, states (U.S.), provinces (Canada), and territories or possessions of certain countries. The codes are used within the various data banks maintained by the Office of Airline Information (OAI) and are created by OAI.",
