"SYS_FIELD_NAME"," FIELD_DESC",
"AIRPORT","Airport Code",
"TR_AIRPORT_NAME","Airport Name with Country/State information",
"TR_CITY_NAME","City Name with Country/State information",
"TR_STATE_NAME","State Name",
"TR_COUNTRY_NAME","Country Name",
"TR_WAC","World Area Code",
"BEGIN_DATE_SOURCE","Starting Date of Airport Code",
"END_DATE","Ending Date of Airport Code (Active = NULL)",
"AIRPORT_REGION","Airport Region",
"LAT_DEGREES","Latitude, Degrees",
"LAT_MINUTES","Latitude, Minutes",
"LAT_SECONDS","Latitude, Seconds",
"LAT_HEMISPHERE","Latitude, Hemisphere",
"LATITUDE","Latitude",
"LON_DEGREES","Longitude, Degrees",
"LON_MINUTES","Longitude, Minutes",
"LON_SECONDS","Longitude, Seconds",
"LON_HEMISPHERE","Longitude, Hemisphere",
"LONGITUDE","Longitude",
"AIRPORT_ID","Unique Airport numeric value",
