<?xml version="1.0" encoding="UTF-8"?>
<project xmlns="http://maven.apache.org/POM/4.0.0" xmlns:xsi="http://www.w3.org/2001/XMLSchema-instance" xsi:schemaLocation="http://maven.apache.org/POM/4.0.0 http://maven.apache.org/maven-v4_0_0.xsd">
  <modelVersion>4.0.0</modelVersion>
  <groupId>com.usbank.ent.streaming.srvc</groupId>
  <artifactId>complexeventprocessing</artifactId>
  <name>SparkStreamingComplexEventProcessing</name>
  <version>1</version>
  <url>http://maven.apache.org</url>
  <build>
    <sourceDirectory>src/main/scala</sourceDirectory>
    <testSourceDirectory>src/test/scala</testSourceDirectory>
    <plugins>
      <plugin>
        <groupId>net.alchim31.maven</groupId>
        <artifactId>scala-maven-plugin</artifactId>
        <version>3.3.2</version>
        <executions>
          <execution>
            <goals>
              <goal>compile</goal>
              <goal>testCompile</goal>
            </goals>
            <configuration>
              <args>
                <arg>-dependencyfile</arg>
                <arg>${project.build.directory}/.scala_dependencies</arg>
              </args>
              <scalaCompatVersion>${scala.binary.version}</scalaCompatVersion>
            </configuration>
          </execution>
        </executions>
      </plugin>
      <plugin>
        <artifactId>maven-surefire-plugin</artifactId>
        <version>2.18.1</version>
        <configuration>
          <useFile>false</useFile>
          <disableXmlReport>true</disableXmlReport>
          <includes>
            <include>**/*Test.*</include>
            <include>**/*Suite.*</include>
          </includes>
        </configuration>
      </plugin>
      <plugin>
        <artifactId>maven-shade-plugin</artifactId>
        <version>3.1.1</version>
        <executions>
          <execution>
            <phase>package</phase>
            <goals>
              <goal>shade</goal>
            </goals>
          </execution>
        </executions>
        <configuration />
      </plugin>
    </plugins>
  </build>
  <dependencies>
    <dependency>
      <groupId>org.apache.spark</groupId>
      <artifactId>spark-core_2.11</artifactId>
      <version>2.2.0</version>
      <scope>provided</scope>
      <exclusions>
        <exclusion>
          <artifactId>avro</artifactId>
          <groupId>org.apache.avro</groupId>
        </exclusion>
        <exclusion>
          <artifactId>avro-mapred</artifactId>
          <groupId>org.apache.avro</groupId>
        </exclusion>
        <exclusion>
          <artifactId>chill_2.11</artifactId>
          <groupId>com.twitter</groupId>
        </exclusion>
        <exclusion>
          <artifactId>chill-java</artifactId>
          <groupId>com.twitter</groupId>
        </exclusion>
        <exclusion>
          <artifactId>xbean-asm5-shaded</artifactId>
          <groupId>org.apache.xbean</groupId>
        </exclusion>
        <exclusion>
          <artifactId>hadoop-client</artifactId>
          <groupId>org.apache.hadoop</groupId>
        </exclusion>
        <exclusion>
          <artifactId>spark-launcher_2.11</artifactId>
          <groupId>org.apache.spark</groupId>
        </exclusion>
        <exclusion>
          <artifactId>spark-network-common_2.11</artifactId>
          <groupId>org.apache.spark</groupId>
        </exclusion>
        <exclusion>
          <artifactId>spark-network-shuffle_2.11</artifactId>
          <groupId>org.apache.spark</groupId>
        </exclusion>
        <exclusion>
          <artifactId>spark-unsafe_2.11</artifactId>
          <groupId>org.apache.spark</groupId>
        </exclusion>
        <exclusion>
          <artifactId>jets3t</artifactId>
          <groupId>net.java.dev.jets3t</groupId>
        </exclusion>
        <exclusion>
          <artifactId>curator-recipes</artifactId>
          <groupId>org.apache.curator</groupId>
        </exclusion>
        <exclusion>
          <artifactId>javax.servlet-api</artifactId>
          <groupId>javax.servlet</groupId>
        </exclusion>
        <exclusion>
          <artifactId>commons-lang3</artifactId>
          <groupId>org.apache.commons</groupId>
        </exclusion>
        <exclusion>
          <artifactId>commons-math3</artifactId>
          <groupId>org.apache.commons</groupId>
        </exclusion>
        <exclusion>
          <artifactId>jsr305</artifactId>
          <groupId>com.google.code.findbugs</groupId>
        </exclusion>
        <exclusion>
          <artifactId>jul-to-slf4j</artifactId>
          <groupId>org.slf4j</groupId>
        </exclusion>
        <exclusion>
          <artifactId>jcl-over-slf4j</artifactId>
          <groupId>org.slf4j</groupId>
        </exclusion>
        <exclusion>
          <artifactId>compress-lzf</artifactId>
          <groupId>com.ning</groupId>
        </exclusion>
        <exclusion>
          <artifactId>RoaringBitmap</artifactId>
          <groupId>org.roaringbitmap</groupId>
        </exclusion>
        <exclusion>
          <artifactId>commons-net</artifactId>
          <groupId>commons-net</groupId>
        </exclusion>
        <exclusion>
          <artifactId>json4s-jackson_2.11</artifactId>
          <groupId>org.json4s</groupId>
        </exclusion>
        <exclusion>
          <artifactId>jersey-client</artifactId>
          <groupId>org.glassfish.jersey.core</groupId>
        </exclusion>
        <exclusion>
          <artifactId>jersey-common</artifactId>
          <groupId>org.glassfish.jersey.core</groupId>
        </exclusion>
        <exclusion>
          <artifactId>jersey-server</artifactId>
          <groupId>org.glassfish.jersey.core</groupId>
        </exclusion>
        <exclusion>
          <artifactId>jersey-container-servlet</artifactId>
          <groupId>org.glassfish.jersey.containers</groupId>
        </exclusion>
        <exclusion>
          <artifactId>jersey-container-servlet-core</artifactId>
          <groupId>org.glassfish.jersey.containers</groupId>
        </exclusion>
        <exclusion>
          <artifactId>netty-all</artifactId>
          <groupId>io.netty</groupId>
        </exclusion>
        <exclusion>
          <artifactId>netty</artifactId>
          <groupId>io.netty</groupId>
        </exclusion>
        <exclusion>
          <artifactId>stream</artifactId>
          <groupId>com.clearspring.analytics</groupId>
        </exclusion>
        <exclusion>
          <artifactId>metrics-core</artifactId>
          <groupId>io.dropwizard.metrics</groupId>
        </exclusion>
        <exclusion>
          <artifactId>metrics-jvm</artifactId>
          <groupId>io.dropwizard.metrics</groupId>
        </exclusion>
        <exclusion>
          <artifactId>metrics-json</artifactId>
          <groupId>io.dropwizard.metrics</groupId>
        </exclusion>
        <exclusion>
          <artifactId>metrics-graphite</artifactId>
          <groupId>io.dropwizard.metrics</groupId>
        </exclusion>
        <exclusion>
          <artifactId>ivy</artifactId>
          <groupId>org.apache.ivy</groupId>
        </exclusion>
        <exclusion>
          <artifactId>oro</artifactId>
          <groupId>oro</groupId>
        </exclusion>
        <exclusion>
          <artifactId>pyrolite</artifactId>
          <groupId>net.razorvine</groupId>
        </exclusion>
        <exclusion>
          <artifactId>py4j</artifactId>
          <groupId>net.sf.py4j</groupId>
        </exclusion>
        <exclusion>
          <artifactId>commons-crypto</artifactId>
          <groupId>org.apache.commons</groupId>
        </exclusion>
      </exclusions>
    </dependency>
    <dependency>
      <groupId>org.apache.spark</groupId>
      <artifactId>spark-streaming_2.11</artifactId>
      <version>2.2.0</version>
      <scope>provided</scope>
    </dependency>
    <dependency>
      <groupId>junit</groupId>
      <artifactId>junit</artifactId>
      <version>4.11</version>
      <scope>test</scope>
      <exclusions>
        <exclusion>
          <artifactId>hamcrest-core</artifactId>
          <groupId>org.hamcrest</groupId>
        </exclusion>
      </exclusions>
    </dependency>
    <dependency>
      <groupId>org.apache.spark</groupId>
      <artifactId>spark-sql_2.11</artifactId>
      <version>2.2.0</version>
      <scope>provided</scope>
      <exclusions>
        <exclusion>
          <artifactId>univocity-parsers</artifactId>
          <groupId>com.univocity</groupId>
        </exclusion>
        <exclusion>
          <artifactId>spark-sketch_2.11</artifactId>
          <groupId>org.apache.spark</groupId>
        </exclusion>
        <exclusion>
          <artifactId>spark-catalyst_2.11</artifactId>
          <groupId>org.apache.spark</groupId>
        </exclusion>
        <exclusion>
          <artifactId>parquet-column</artifactId>
          <groupId>org.apache.parquet</groupId>
        </exclusion>
        <exclusion>
          <artifactId>parquet-hadoop</artifactId>
          <groupId>org.apache.parquet</groupId>
        </exclusion>
        <exclusion>
          <artifactId>xbean-asm5-shaded</artifactId>
          <groupId>org.apache.xbean</groupId>
        </exclusion>
      </exclusions>
    </dependency>
    <dependency>
      <groupId>org.apache.spark</groupId>
      <artifactId>spark-sql-kafka-0-10_2.11</artifactId>
      <version>2.2.0</version>
      <scope>provided</scope>
    </dependency>
    <dependency>
      <groupId>org.scala-lang</groupId>
      <artifactId>scala-library</artifactId>
      <version>2.11.11</version>
      <scope>provided</scope>
    </dependency>
  </dependencies>
  <distributionManagement>
    <repository>
      <id>central</id>
      <name>mra-repo1.us.bank-dns.com-releases</name>
      <url>https://mra-repo1.us.bank-dns.com/artifactory/EDM-Maven</url>
    </repository>
    <snapshotRepository>
      <id>snapshots</id>
      <name>mra-repo1.us.bank-dns.com-snapshots</name>
      <url>https://mra-repo1.us.bank-dns.com/artifactory/EDM-Maven</url>
    </snapshotRepository>
  </distributionManagement>
  <properties>
    <encoding>UTF-8</encoding>
    <maven.compiler.target>1.8</maven.compiler.target>
    <scala.binary.version>2.11</scala.binary.version>
    <kafka.version>0.10.1.1</kafka.version>
    <project.build.sourceEncoding>UTF-8</project.build.sourceEncoding>
    <fasterxml.jackson.version>2.9.5</fasterxml.jackson.version>
    <scala.version>2.11.11</scala.version>
    <spark.version>2.2.0</spark.version>
    <maven.compiler.source>1.8</maven.compiler.source>
  </properties>
</project>
